{
  "continue_recalls": {
    "CP1": 1.0,
    "CP2": 0.99,
    "CP3": 0.99,
    "CP4": 0.97
  },
  "continue_thresholds": {
    "CP1": 0.0014299530785509978,
    "CP2": 0.014856628495205365,
    "CP3": 0.0001690148055786,
    "CP4": 0.07875533527710461
  },
  "action_thresholds": {
    "CP1": 0.5,
    "CP2": 0.5,
    "CP3": 0.5,
    "CP4": 0.5
  },
  "oof_sen": 0.9849906191369587,
  "oof_spe": 0.7474949899799583,
  "oof_acc": 0.8701550387596899
}